,MNS:M+:GYPA*01,MNS:ENEH+:GYPA*40,MNS:ENEP+:GYPA*39,MNS:ENAV+:GYPA*42,MNS:ENEV+:GYPA*45,MNS:s+:GYPB*04 or GYPB*s,MNS:N+:GYPA*02,MNS:Mc+:GYPA*08,MNS:S+:GYPB*03 or GYPB*S,MNS:ERIK+:GYPA*37
,MNS	MNS:M+	GYPA*01	GYPA	SNP	c.59T>C;c.71A>G;c.72G>T	p.Leu20Ser;p.Glu24Gly	2	common	ISBT	g.144120567A>G;g.144120555T>C;g.144120554C>A	g.145041720A>G;g.145041708T>C;g.145041707C>A	-	YYYNNNNNNNNNNNNNNNNNNNNNNNNNNNNNNNNNNNNNNNNNNNNNNNNNNNNNNNNNNNNNNNN	YYYNNNNNNNNNNNNNNNNNNNNNNNNNNNNNNNNNNNNNNNNNNNNNNNNNNNNNNNNNNNNNNNN	perfect_match,MNS	MNS:ENEH+	GYPA*40	GYPA	SNP	c.140C>C	p.Thr47Thr	3	universal	BloodTyper	g.144119778G>G	g.145040931G>G	-	NNNNNNYNNNNNNNNNNNNNNNNNNNNNNNNNNNNNNNNNNNNNNNNNNNNNNNNNNNNNNNNNNNN	NNNNNNYNNNNNNNNNNNNNNNNNNNNNNNNNNNNNNNNNNNNNNNNNNNNNNNNNNNNNNNNNNNN	perfect_match,MNS	MNS:ENEP+	GYPA*39	GYPA	SNP	c.250G>G	p.Ala84Ala	4	universal	BloodTyper	g.144118735C>C	g.145039888C>C	-	NNNNNNNNNNNNNNNNNYNNNNNNNNNNNNNNNNNNNNNNNNNNNNNNNNNNNNNNNNNNNNNNNNN	NNNNNNNNNNNNNNNNNYNNNNNNNNNNNNNNNNNNNNNNNNNNNNNNNNNNNNNNNNNNNNNNNNN	perfect_match,MNS	MNS:ENAV+	GYPA*42	GYPA	SNP	c.244C>C	p.Gln82Gln	4	universal	BloodTyper	g.144118741G>G	g.145039894G>G	-	NNNNNNNNNNNNNNNNNNNYNNNNNNNNNNNNNNNNNNNNNNNNNNNNNNNNNNNNNNNNNNNNNNN	NNNNNNNNNNNNNNNNNNNYNNNNNNNNNNNNNNNNNNNNNNNNNNNNNNNNNNNNNNNNNNNNNNN	perfect_match,MNS	MNS:ENEV+	GYPA*45	GYPA	SNP	c.242T>T	p.Val81Val	4	universal	ISBT	g.144118743A>A	g.145039896A>A	-	NNNNNNNNNNNNNNNNNNNNNYNNNNNNNNNNNNNNNNNNNNNNNNNNNNNNNNNNNNNNNNNNNNN	NNNNNNNNNNNNNNNNNNNNNYNNNNNNNNNNNNNNNNNNNNNNNNNNNNNNNNNNNNNNNNNNNNN	perfect_match,MNS	MNS:s+	GYPB*04 or GYPB*s	GYPB	SNP	c.143C>C	p.Thr48Thr	4	common	ISBT	g.143999443G>G	g.144920596G>G	-	NNNNNNNNNNNNNNNNNNNNNNNNYNNNNNNNNNNNNNNNNNNNNNNNNNNNNNNNNNNNNNNNNNN	NNNNNNNNNNNNNNNNNNNNNNNNYNNNNNNNNNNNNNNNNNNNNNNNNNNNNNNNNNNNNNNNNNN	perfect_match,MNS	MNS:N+	GYPA*02	GYPA	SNP	c.59T>T;c.71A>A;c.72G>G	p.Leu20Leu;p.Glu24Glu	2	common	ISBT	g.144120567A>A;g.144120555T>T;g.144120554C>C	g.145041720A>A;g.145041708T>T;g.145041707C>C	-	NNNYYYNNNNNNNNNNNNNNNNNNNNNNNNNNNNNNNNNNNNNNNNNNNNNNNNNNNNNNNNNNNNN	NNNYYYNNNNNNNNNNNNNNNNNNNNNNNNNNNNNNNNNNNNNNNNNNNNNNNNNNNNNNNNNNNNN	perfect_match,MNS	MNS:Mc+	GYPA*08	GYPA	SNP	c.59T>C;c.71A>A;c.72G>G	p.Leu20Ser;p.Glu24Glu	2	rare	ISBT	g.144120567A>G;g.144120555T>T;g.144120554C>C	g.145041720A>G;g.145041708T>T;g.145041707C>C	-	YNNNYYNNNNNNNNNNNNNNNNNNNNNNNNNNNNNNNNNNNNNNNNNNNNNNNNNNNNNNNNNNNNN	YNNNYYNNNNNNNNNNNNNNNNNNNNNNNNNNNNNNNNNNNNNNNNNNNNNNNNNNNNNNNNNNNNN	perfect_match,MNS	MNS:S+	GYPB*03 or GYPB*S	GYPB	SNP	c.143C>T	p.Thr48Met	4	average	ISBT	g.143999443G>A	g.144920596G>A	-	NNNNNNNNNNNNNNNNNNNNNNNNNYNNNNNNNNNNNNNNNNNNNNNNNNNNNNNNNNNNNNNNNNN	NNNNNNNNNNNNNNNNNNNNNNNNNYNNNNNNNNNNNNNNNNNNNNNNNNNNNNNNNNNNNNNNNNN	perfect_match,MNS	MNS:ERIK+	GYPA*37	GYPA	SNP	c.232G>A	p.Gly78Arg	4	rare	ISBT	g.144119686C>T	g.145040839C>T	-	NNNNNNNNNNNNNNNYNNNNNNNNNNNNNNNNNNNNNNNNNNNNNNNNNNNNNNNNNNNNNNNNNNN	NNNNNNNNNNNNNNNYNNNNNNNNNNNNNNNNNNNNNNNNNNNNNNNNNNNNNNNNNNNNNNNNNNN	perfect_match
QYW_01,T,T,T,T,T,T,-,-,-,-
QYW_H1,-,T,T,T,T,T,T,-,-,-
QYW_20,T,T,T,T,T,T,-,-,-,-
QYW_48,T,T,T,T,T,T,-,-,-,-
QYW2_50_2,T,T,T,T,T,T,T,T,T,-
QYW_03,T,T,T,T,T,T,T,T,-,-
QYW2_30,T,T,T,T,T,T,T,T,-,-
QYW2_42,T,T,T,T,T,T,T,T,T,-
QYW2_3,-,T,T,T,T,T,T,-,-,-
QYW_31,T,T,T,T,T,T,-,-,-,-
QYW_21,T,T,T,T,T,T,-,-,-,-
QYW2_24,-,T,T,T,T,T,T,T,-,-
QYW2_6,T,T,T,T,T,T,T,T,-,-
QYW_40,T,T,T,T,T,T,-,-,T,-
QYW_02,T,T,T,T,T,T,T,T,-,-
QYW2_37,T,T,T,T,T,T,T,T,-,-
QYW_37,T,T,T,T,T,T,-,-,-,-
QYW_41,T,T,T,T,T,T,-,-,-,-
QYW2_2,T,T,T,T,T,T,T,T,-,-
QYW2_33,T,T,T,T,T,T,-,-,-,-
QYW2_44,T,T,T,T,T,T,T,T,-,-
QYW_22,T,T,T,T,T,T,-,-,-,-
QYW2_20,T,T,T,T,T,T,T,T,-,-
QYW2_32,T,T,T,T,T,T,T,T,-,-
QYW_36,T,T,T,T,T,T,-,-,-,-
QYW_33,T,T,T,T,T,T,-,-,-,-
QYW2_45,T,T,T,T,T,T,T,T,-,-
QYW2_48,-,T,T,T,T,T,T,-,-,-
QYW_10,T,T,T,T,T,T,-,-,-,-
QYW_32,T,T,T,T,T,T,-,-,-,-
QYW_43,T,T,T,T,T,T,-,-,-,-
QYW2_49,T,T,T,T,T,T,T,T,-,-
QYW2_1,T,T,T,T,T,T,T,T,-,-
QYW2_5,T,T,T,T,T,T,-,-,-,-
QYW2_43,-,T,T,T,T,T,T,-,-,-
QYW_08,T,T,T,T,T,T,-,-,-,-
QYW_46,T,T,T,T,T,T,-,-,-,-
QYW_23,T,T,T,T,T,T,-,-,-,-
QYW_19,T,T,T,T,T,T,-,-,-,-
QYW2_46,T,T,T,T,T,T,T,T,-,-
QYW_16,T,T,T,T,T,T,T,T,-,-
QYW_34,T,T,T,T,T,T,T,T,-,-
QYW2_26,T,T,T,T,T,T,T,T,-,-
QYW_30,T,T,T,T,T,T,-,-,-,-
QYW_45,T,T,T,T,T,T,-,-,-,-
QYW2_7,T,T,T,T,T,T,T,T,-,-
QYW2_35,-,-,-,-,-,-,-,-,-,-
QYW2_36,-,T,T,T,T,T,T,-,-,-
QYW_18,T,T,T,T,T,T,T,T,-,T
QYW_11,T,T,T,T,T,T,-,-,-,-
QYW_49,T,T,T,T,T,T,-,-,-,-
QYW_29,T,T,T,T,T,T,-,-,-,-
QYW2_28,T,T,T,T,T,T,T,T,-,-
QYW2_4,-,T,T,T,T,T,T,-,T,-
QYW_47,T,T,T,T,T,T,-,-,-,-
QYW2_39,T,T,T,T,T,T,T,T,-,-
QYW2_40,-,T,T,T,T,T,T,-,-,-
QYW_24,T,T,T,T,T,T,-,-,-,-
QYW_13,T,T,T,T,T,T,T,T,-,-
QYW_44,T,T,T,T,T,T,-,-,-,-
QYW2_15,-,T,T,T,T,T,T,-,-,-
QYW2_22,-,T,T,T,T,T,T,-,-,-
QYW_17,T,T,T,T,T,T,T,T,-,-
QYW_39,T,T,T,T,T,T,-,-,-,-
QYW_27,T,T,T,T,T,T,-,-,-,-
QYW_12,T,T,T,T,T,T,T,T,-,-
QYW2_9,T,T,T,T,T,T,T,T,-,-
QYW2_38,T,T,T,T,T,T,T,T,-,-
QYW_04,T,T,T,T,T,T,-,-,-,-
QYW_25,T,T,T,T,T,T,-,-,-,-
QYW2_51,T,T,T,T,T,T,-,-,T,-
QYW2_17,-,T,T,T,T,T,T,-,-,-
QYW_05,T,T,T,T,T,T,T,T,T,-
QYW2_27,T,T,T,T,T,T,T,T,-,-
QYW_42,T,T,T,T,T,T,-,-,-,-
QYW_09,T,T,T,T,T,T,-,-,-,-
QYW_28,T,T,T,T,T,T,-,-,-,-
QYW2_25,-,T,T,T,T,T,T,-,-,-
QYW2_19,T,T,T,T,T,T,T,T,-,-
QYW2_29,T,T,T,T,T,T,T,T,-,-
QYW_26,T,T,T,T,T,T,-,-,-,-
QYW_15,T,T,T,T,T,T,-,-,T,-
QYW_06,T,T,T,T,T,T,T,T,-,-
QYW_38,T,T,T,T,T,T,-,-,-,-
QYW2_50_1,T,T,T,T,T,T,-,-,T,-
QYW2_41,T,T,T,T,T,T,T,T,T,-
QYW2_8,T,T,T,T,T,T,-,-,T,-
QYW2_47,-,T,T,T,T,T,T,-,T,-
QYW2_23,-,T,T,T,T,T,T,T,-,-
QYW2_31,T,T,T,T,T,T,T,T,-,-
QYW2_21,T,T,T,T,T,T,T,T,T,-
QYW2_16,-,T,T,T,T,T,T,-,-,-
QYW_07,T,T,T,T,T,T,T,T,-,-
QYW_35,T,T,T,T,T,T,-,-,-,-
QYW_14,T,T,T,T,T,T,-,-,-,-
QYW2_14,-,T,T,T,T,T,T,-,-,-
